First Name,Last Name,Email,Source Id
Shivanie,Den Drijver,shivanie.dendrijver@example.com,1
Apoorva,Babu,apoorva.babu@example.com,1
Theodore,Morris,theodore.morris@example.com,1
Brent,Parker,brent.parker@example.com,1
Enrique,Roberts,enrique.roberts@example.com,1
Radivoje,Anđelković,radivoje.andelkovic@example.com,1
Olaf,Eidet,olaf.eidet@example.com,1
Sean,Rodriguez,sean.rodriguez@example.com,1
Lars,Prestegård,lars.prestegard@example.com,1
Rocío,Bravo,rocio.bravo@example.com,1
Anni,Jokinen,anni.jokinen@example.com,1
Josef,Lefebvre,josef.lefebvre@example.com,1
Klaus-Jürgen,Wohlfarth,klaus-jurgen.wohlfarth@example.com,1
Keith,Soto,keith.soto@example.com,1
Daniela,Sanchez,daniela.sanchez@example.com,1
Vilenina,Skrinnik,vilenina.skrinnik@example.com,1
Leevi,Korpi,leevi.korpi@example.com,1
Federica,Rodriguez,federica.rodriguez@example.com,1
Jimi,Tanner,jimi.tanner@example.com,1
Emil,Thomsen,emil.thomsen@example.com,1
آرمین,نجاتی,armyn.njty@example.com,1
Rahel,Strunz,rahel.strunz@example.com,1
Alexandre,Jean-Baptiste,alexandre.jean-baptiste@example.com,1
Katrine,Larsen,katrine.larsen@example.com,1
Deniz,Meyer,deniz.meyer@example.com,1
Javier,Rodríguez,javier.rodriguez@example.com,1
Leana,Jean,leana.jean@example.com,1
كيان,قاسمی,kyn.qsmy@example.com,1
Anđela,Pejaković,andela.pejakovic@example.com,1
امیر,سلطانی نژاد,myr.sltnynjd@example.com,1
Esther,Roberts,esther.roberts@example.com,1
Hermann,Lundeby,hermann.lundeby@example.com,1
Sylvie,Meunier,sylvie.meunier@example.com,1
Frederik,Hansen,frederik.hansen@example.com,1
Molly,Chen,molly.chen@example.com,1
Potira,Dias,potira.dias@example.com,1
Emircan,Albayrak,emircan.albayrak@example.com,1
Ludmila,Pavić,ludmila.pavic@example.com,1
Joery,Van Heijnsbergen,joery.vanheijnsbergen@example.com,1
Olivia,Larsen,olivia.larsen@example.com,1
Barış,Koçyiğit,baris.kocyigit@example.com,1
Marie,Kristensen,marie.kristensen@example.com,1
Sarina,Denis,sarina.denis@example.com,1
Mustafa,Yorulmaz,mustafa.yorulmaz@example.com,1
Alamiro,da Mata,alamiro.damata@example.com,1
Gerónimo,Carvajal,geronimo.carvajal@example.com,1
Encarnación,Reyes,encarnacion.reyes@example.com,1
محمدپارسا,سالاری,mhmdprs.slry@example.com,1
Elliot,Clark,elliot.clark@example.com,1
Yamila,Van de Meent,yamila.vandemeent@example.com,1
Jasmine,Morin,jasmine.morin@example.com,1
Calisto,Melo,calisto.melo@example.com,1
Malou,Sørensen,malou.sorensen@example.com,1
Dunja,Sakić,dunja.sakic@example.com,1
Tony,Phillips,tony.phillips@example.com,1
آیلین,زارعی,aylyn.zraay@example.com,1
Albane,Martinez,albane.martinez@example.com,1
Ravn,Wahlstrøm,ravn.wahlstrom@example.com,1
Tim,Nguyen,tim.nguyen@example.com,1
Mohamed,Velasco,mohamed.velasco@example.com,1
Ida,Giraud,ida.giraud@example.com,1
Jório,Almeida,jorio.almeida@example.com,1
Ira,Baumann,ira.baumann@example.com,1
Emre,Hakyemez,emre.hakyemez@example.com,1
Aubree,Singh,aubree.singh@example.com,1
David,Harris,david.harris@example.com,1
Amber,Wood,amber.wood@example.com,1
Jacob,Johansen,jacob.johansen@example.com,1
Julius,Sandal,julius.sandal@example.com,1
Susan,Cole,susan.cole@example.com,1
Danica,Miljković,danica.miljkovic@example.com,1
Rusyava,Zhabotinskiy,rusyava.zhabotinskiy@example.com,1
Cleópatra,de Souza,cleopatra.desouza@example.com,1
Tim,Anderson,tim.anderson@example.com,1
Xavier,Jiménez,xavier.jimenez@example.com,1
Judith,Sanders,judith.sanders@example.com,1
Angel,Campbell,angel.campbell@example.com,1
Corentin,Fleury,corentin.fleury@example.com,1
Imran,Kvamme,imran.kvamme@example.com,1
Olja,Tošić,olja.tosic@example.com,1
Wassima,Lentz,wassima.lentz@example.com,1
Topias,Jokinen,topias.jokinen@example.com,1
Kishen,Van der Pol,kishen.vanderpol@example.com,1
Kayla,Green,kayla.green@example.com,1
Sara,Gallardo,sara.gallardo@example.com,1
Monya,Nogueira,monya.nogueira@example.com,1
الینا,علیزاده,lyn.aalyzdh@example.com,1
Norman,Perkins,norman.perkins@example.com,1
Federico,Morel,federico.morel@example.com,1
Jo,Brænd,jo.braend@example.com,1
Mads,Larsen,mads.larsen@example.com,1
Julia,Gagné,julia.gagne@example.com,1
Esther,Canales,esther.canales@example.com,1
Milovan,Bebeshko,milovan.bebeshko@example.com,1
Theres,Kretschmann,theres.kretschmann@example.com,1
Boris,Kapetanović,boris.kapetanovic@example.com,1
Oona,Hamalainen,oona.hamalainen@example.com,1
Zvonimira,Cyupa,zvonimira.cyupa@example.com,1
Ashton,Roberts,ashton.roberts@example.com,1
Héctor,Calvo,hector.calvo@example.com,1
Mitchell,Pierce,mitchell.pierce@example.com,1
Kasper,Mikkola,kasper.mikkola@example.com,1
Trond,Wahlstrøm,trond.wahlstrom@example.com,1
Joao,Blom,joao.blom@example.com,1
Estefânio,Campos,estefanio.campos@example.com,1
Volkan,Alyanak,volkan.alyanak@example.com,1
Mustafa,Taşçı,mustafa.tasci@example.com,1
Hudson,Martin,hudson.martin@example.com,1
Fabrício,Nascimento,fabricio.nascimento@example.com,1
Maddison,Ray,maddison.ray@example.com,1
Laila,da Cruz,laila.dacruz@example.com,1
Niilo,Manner,niilo.manner@example.com,1
Dharun,Nagane,dharun.nagane@example.com,1
Modesto,Olvera,modesto.olvera@example.com,1
Victor,Lévesque,victor.levesque@example.com,1
Alexandra,Blanc,alexandra.blanc@example.com,1
Laíza,Martins,laiza.martins@example.com,1
Virgil,Gordon,virgil.gordon@example.com,1
Vitomir,Kojić,vitomir.kojic@example.com,1
Gordana,Ninković,gordana.ninkovic@example.com,1
Ingeborg,Hoyer,ingeborg.hoyer@example.com,1
Justine,Türk,justine.turk@example.com,1
Cristina,Méndez,cristina.mendez@example.com,1
Marika,Sitaram,marika.sitaram@example.com,1
Zilan,Van de Vorstenbosch,zilan.vandevorstenbosch@example.com,1
محمدامين,جعفری,mhmdmyn.jaafry@example.com,1
Naomi,Dupuis,naomi.dupuis@example.com,1
Gonca,Çağıran,gonca.cagiran@example.com,1
Richa,Taj,richa.taj@example.com,1
Beau,Taylor,beau.taylor@example.com,1
Érico,Nunes,erico.nunes@example.com,1
Sophie,Roy,sophie.roy@example.com,1
Marianna,Blanchard,marianna.blanchard@example.com,1
Katrine,Jensen,katrine.jensen@example.com,1
Sonia,Martínez,sonia.martinez@example.com,1
Emanuel,Korsmo,emanuel.korsmo@example.com,1
Sabrina,Caron,sabrina.caron@example.com,1
Gonca,Demirbaş,gonca.demirbas@example.com,1
Delores,Shelton,delores.shelton@example.com,1
Sam,Chambers,sam.chambers@example.com,1
Jean-Paul,Arnaud,jean-paul.arnaud@example.com,1
Macit,Topaloğlu,macit.topaloglu@example.com,1
Umang,Bhardwaj,umang.bhardwaj@example.com,1
Niilo,Kalas,niilo.kalas@example.com,1
Vidoje,Ivanić,vidoje.ivanic@example.com,1
Emile,Harcourt,emile.harcourt@example.com,1
Burevist,Rogoza,burevist.rogoza@example.com,1
Eva,Hernandez,eva.hernandez@example.com,1
Victor,Abraham,victor.abraham@example.com,1
Andre,Kelley,andre.kelley@example.com,1
Priya,Gamskar,priya.gamskar@example.com,1
Conrad,Lier,conrad.lier@example.com,1
Yasemin,Paksüt,yasemin.paksut@example.com,1
Alberte,Kristensen,alberte.kristensen@example.com,1
Curtis,Hudson,curtis.hudson@example.com,1
Julia,Jokinen,julia.jokinen@example.com,1
Edouard,Francois,edouard.francois@example.com,1
Alisa,Luoma,alisa.luoma@example.com,1
Bruno,Rendón,bruno.rendon@example.com,1
Rino,Hintzen,rino.hintzen@example.com,1
Nitesh,Ramesh,nitesh.ramesh@example.com,1
Thiago,Duval,thiago.duval@example.com,1
Fabiola,Castellanos,fabiola.castellanos@example.com,1
Maja,Kuzmanović,maja.kuzmanovic@example.com,1
Charlie,Fuller,charlie.fuller@example.com,1
تارا,علیزاده,tr.aalyzdh@example.com,1
Malaika,Geurtz,malaika.geurtz@example.com,1
Hans-Dietrich,Hund,hans-dietrich.hund@example.com,1
Edward,Håkonsen,edward.hakonsen@example.com,1
Laurie,Singh,laurie.singh@example.com,1
Seth,Holt,seth.holt@example.com,1
Bradley,Welch,bradley.welch@example.com,1
Christoffer,Hampsink,christoffer.hampsink@example.com,1
Andrea,Hansen,andrea.hansen@example.com,1
آوینا,محمدخان,awyn.mhmdkhn@example.com,1
Toby,Brown,toby.brown@example.com,1
Mirela,Bloemberg,mirela.bloemberg@example.com,1
Fatih,Tütüncü,fatih.tutuncu@example.com,1
Norma,da Cruz,norma.dacruz@example.com,1
Kristupas,Nygren,kristupas.nygren@example.com,1
Jeff,Diaz,jeff.diaz@example.com,1
Emilie,White,emilie.white@example.com,1
Emil,Aro,emil.aro@example.com,1
Lilian,Fournier,lilian.fournier@example.com,1
Zeki,Menger,zeki.menger@example.com,1
Armin,Danielsen,armin.danielsen@example.com,1
Alevtin,Shavel,alevtin.shavel@example.com,1
Özkan,Özkara,ozkan.ozkara@example.com,1
Laly,Dupont,laly.dupont@example.com,1
Britney,Robertson,britney.robertson@example.com,1
Paraskoviya,Verhoglyad,paraskoviya.verhoglyad@example.com,1
Nicolas,Park,nicolas.park@example.com,1
آرمین,جعفری,armyn.jaafry@example.com,1
Parth,Jain,parth.jain@example.com,1
Joseph,Clarke,joseph.clarke@example.com,1
Debbie,Rodriguez,debbie.rodriguez@example.com,1
Victor,Warren,victor.warren@example.com,1
Arnoldo,Rolón,arnoldo.rolon@example.com,1
مهدي,زارعی,mhdy.zraay@example.com,1
آدرینا,نكو نظر,adryn.nkwnzr@example.com,1
Girindra,Uchil,girindra.uchil@example.com,1
Anabel,Urías,anabel.urias@example.com,1
Mariya,Gurskiy,mariya.gurskiy@example.com,1
Tuva,Pilskog,tuva.pilskog@example.com,1
Valerie,Morel,valerie.morel@example.com,1
Inmaculada,Ortiz,inmaculada.ortiz@example.com,1
Adriana,Røysland,adriana.roysland@example.com,1
Isabelle,Edwards,isabelle.edwards@example.com,1
Julia,Keto,julia.keto@example.com,1
Elif,Baturalp,elif.baturalp@example.com,1
Kirk,Edwards,kirk.edwards@example.com,1
Naksh,Chavare,naksh.chavare@example.com,1
Nalan,Akışık,nalan.akisik@example.com,1
Nadislava,Holodna,nadislava.holodna@example.com,1
Chrissy,Oud,chrissy.oud@example.com,1
Brennan,Bryant,brennan.bryant@example.com,1
Maja,Christensen,maja.christensen@example.com,1
Özkan,Dizdar,ozkan.dizdar@example.com,1
Karl-Friedrich,Wallner,karl-friedrich.wallner@example.com,1
Heather,Curtis,heather.curtis@example.com,1
Murat,Sarıoğlu,murat.sarioglu@example.com,1
Sofia,Manninen,sofia.manninen@example.com,1
Valeriy,Pankivskiy,valeriy.pankivskiy@example.com,1
Chloe,Murray,chloe.murray@example.com,1
Mezhamir,Shavel,mezhamir.shavel@example.com,1
Lovise,Arvesen,lovise.arvesen@example.com,1
Nurdan,Keseroğlu,nurdan.keseroglu@example.com,1
María Elena,Quintanilla,mariaelena.quintanilla@example.com,1
Germán,Carrasco,german.carrasco@example.com,1
Esther,Castro,esther.castro@example.com,1
Yaroslav,Mandrika,yaroslav.mandrika@example.com,1
آرمین,موسوی,armyn.mwswy@example.com,1
Annie,Arnaud,annie.arnaud@example.com,1
Anatole,Leroux,anatole.leroux@example.com,1
Louane,Perez,louane.perez@example.com,1
Humberto,Calderón,humberto.calderon@example.com,1
Harper,Bergeron,harper.bergeron@example.com,1
Umberto,Rey,umberto.rey@example.com,1
Ignacio,Uribe,ignacio.uribe@example.com,1
Stanimira,Chuba,stanimira.chuba@example.com,1
Waldtraut,Krah,waldtraut.krah@example.com,1
Dhanush,Uchil,dhanush.uchil@example.com,1
Haritina,Nizhinskiy,haritina.nizhinskiy@example.com,1
Samuel,Bernard,samuel.bernard@example.com,1
Sebastian,Jørgensen,sebastian.jorgensen@example.com,1
José,Ruiz,jose.ruiz@example.com,1
Oscar,Martin,oscar.martin@example.com,1
Allan,Mckinney,allan.mckinney@example.com,1
Janienke,Joosten,janienke.joosten@example.com,1
Alma,Pedersen,alma.pedersen@example.com,1
Danny,Ramadani,danny.ramadani@example.com,1
Harshitha,Kamath,harshitha.kamath@example.com,1
Nicoline,Petersen,nicoline.petersen@example.com,1
Mille,Poulsen,mille.poulsen@example.com,1
Reyansh,Chatterjee,reyansh.chatterjee@example.com,1
Till,Thomas,till.thomas@example.com,1
Vishishta,Mendonsa,vishishta.mendonsa@example.com,1
Indrajit,Mendonsa,indrajit.mendonsa@example.com,1
Tara,Joly,tara.joly@example.com,1
Jesus,Martin,jesus.martin@example.com,1
Solène,Rousseau,solene.rousseau@example.com,1
Bora,Stoop,bora.stoop@example.com,1
Abigail,Hamilton,abigail.hamilton@example.com,1
علیرضا,کامروا,aalyrd.khmrw@example.com,1
Martyna,Lomeland,martyna.lomeland@example.com,1
Nolan,Mitchell,nolan.mitchell@example.com,1
Zlata,Sokolović,zlata.sokolovic@example.com,1
Dorus,Broekmeulen,dorus.broekmeulen@example.com,1
Merlin,Helmus,merlin.helmus@example.com,1
Elvira,Santos,elvira.santos@example.com,1
Elizabeth,Gutierrez,elizabeth.gutierrez@example.com,1
Jacobo,Fernández,jacobo.fernandez@example.com,1
Perfeito,Moraes,perfeito.moraes@example.com,1
Isobel,Johnson,isobel.johnson@example.com,1
یلدا,سهيلي راد,yld.shylyrd@example.com,1
Gabriele,Lucas,gabriele.lucas@example.com,1
Christine,Bjerk,christine.bjerk@example.com,1
Aiden,Brown,aiden.brown@example.com,1
Armando,Zapata,armando.zapata@example.com,1
Olav,Boel,olav.boel@example.com,1
Ajay,Nagane,ajay.nagane@example.com,1
مانی,رضایی,mny.rdyy@example.com,1
Emilio,Mora,emilio.mora@example.com,1
Wilfrido,Palomo,wilfrido.palomo@example.com,1
Lois,Miller,lois.miller@example.com,1
Ella,Toivonen,ella.toivonen@example.com,1
Patryk,Tønder,patryk.tonder@example.com,1
Nella,Salmela,nella.salmela@example.com,1
Arturo,Rosado,arturo.rosado@example.com,1
Patricia,Gallardo,patricia.gallardo@example.com,1
Cassandra,Dumont,cassandra.dumont@example.com,1
Odin,Oussoren,odin.oussoren@example.com,1
Arthur,Williams,arthur.williams@example.com,1
Nelli,Grohmann,nelli.grohmann@example.com,1
Noëlle,Lenderink,noelle.lenderink@example.com,1
Johan,Blanchard,johan.blanchard@example.com,1
Buse,Akaydın,buse.akaydin@example.com,1
Jovana,RatkovićRistić,jovana.ratkovicristic@example.com,1
Franklin,Matthews,franklin.matthews@example.com,1
Sumana,Manjunath,sumana.manjunath@example.com,1
Jeremiah,Taylor,jeremiah.taylor@example.com,1
Akseli,Pakkala,akseli.pakkala@example.com,1
Margret,Van Abeelen,margret.vanabeelen@example.com,1
Ramiro,Ceja,ramiro.ceja@example.com,1
Adam,Fortin,adam.fortin@example.com,1
Özkan,Sandalcı,ozkan.sandalci@example.com,1
Ava,Thompson,ava.thompson@example.com,1
Judith,Ramos,judith.ramos@example.com,1
Maksymilian,Haraldseid,maksymilian.haraldseid@example.com,1
Perla,Luevano,perla.luevano@example.com,1
Hunter,Barnaby,hunter.barnaby@example.com,1
Harley,Edwards,harley.edwards@example.com,1
Alessio,Moreau,alessio.moreau@example.com,1
Jose,Gardner,jose.gardner@example.com,1
Anusha,Bal,anusha.bal@example.com,1
Alice,Richards,alice.richards@example.com,1
Oswin,Glaser,oswin.glaser@example.com,1
Xaver,Claußen,xaver.claussen@example.com,1
Renata,Vieira,renata.vieira@example.com,1
Côme,Berger,come.berger@example.com,1
Doris,Barnes,doris.barnes@example.com,1
Marianna,Indishevskiy,marianna.indishevskiy@example.com,1
Deeksha,Bansal,deeksha.bansal@example.com,1
Owen,Morgan,owen.morgan@example.com,1
Angela,Hale,angela.hale@example.com,1
اميرمحمد,صدر,myrmhmd.sdr@example.com,1
Hayley,Green,hayley.green@example.com,1
Romina,Lefevre,romina.lefevre@example.com,1
Milagros,Soto,milagros.soto@example.com,1
Olivier,Wollan,olivier.wollan@example.com,1
Laly,Nguyen,laly.nguyen@example.com,1
Hayley,Walker,hayley.walker@example.com,1
Sybilla,Altmeyer,sybilla.altmeyer@example.com,1
Dovydas,Røise,dovydas.roise@example.com,1
Vincent,Li,vincent.li@example.com,1
Bruno,Luevano,bruno.luevano@example.com,1
آریا,محمدخان,ary.mhmdkhn@example.com,1
Sheryl,Lopez,sheryl.lopez@example.com,1
Alice,Knight,alice.knight@example.com,1
Rahaf,Nygren,rahaf.nygren@example.com,1
Rakshitha,Namnaik,rakshitha.namnaik@example.com,1
Shilpa,Keshri,shilpa.keshri@example.com,1
Anika,Gupta,anika.gupta@example.com,1
Tomé,de Souza,tome.desouza@example.com,1
Stepan,Rimarenko,stepan.rimarenko@example.com,1
Roland,Wright,roland.wright@example.com,1
Amador,Rojo,amador.rojo@example.com,1
Ricky,Stewart,ricky.stewart@example.com,1
Jade,Lavoie,jade.lavoie@example.com,1
Shreya,Taj,shreya.taj@example.com,1
Melike,Alyanak,melike.alyanak@example.com,1
Adyasa,Kamath,adyasa.kamath@example.com,1
Eino,Rantala,eino.rantala@example.com,1
Jenny,Black,jenny.black@example.com,1
Varo,Fogaça,varo.fogaca@example.com,1
Tanja,Vidić,tanja.vidic@example.com,1
Michael,James,michael.james@example.com,1
Jessica,Banks,jessica.banks@example.com,1
Rafael,Rivera,rafael.rivera@example.com,1
Chakradev,Kavser,chakradev.kavser@example.com,1
Gerónimo,Echeverría,geronimo.echeverria@example.com,1
René,Angulo,rene.angulo@example.com,1
Yannis,Bernard,yannis.bernard@example.com,1
Hiltje,Verwaaijen,hiltje.verwaaijen@example.com,1
Kate,Alexander,kate.alexander@example.com,1
Rose,King,rose.king@example.com,1
Don,Oliver,don.oliver@example.com,1
Roman,Singh,roman.singh@example.com,1
Anne,Gibson,anne.gibson@example.com,1
Gabriel,Schmitt,gabriel.schmitt@example.com,1
Iina,Takala,iina.takala@example.com,1
Nina,Vrhovac,nina.vrhovac@example.com,1
Loris,Carpentier,loris.carpentier@example.com,1
Bertram,Møller,bertram.moller@example.com,1
Radivoje,Šotra,radivoje.sotra@example.com,1
Terrence,Vasquez,terrence.vasquez@example.com,1
Vanessa,Armstrong,vanessa.armstrong@example.com,1
Jesse,Jokinen,jesse.jokinen@example.com,1
Carter,Snyder,carter.snyder@example.com,1
Silvija,Santrač,silvija.santrac@example.com,1
Leonie,Bonnet,leonie.bonnet@example.com,1
Luit,Hietbrink,luit.hietbrink@example.com,1
Sita,Dalvi,sita.dalvi@example.com,1
Jos,Esparza,jos.esparza@example.com,1
Sharanya,Holla,sharanya.holla@example.com,1
Zion,Van Stralen,zion.vanstralen@example.com,1
Noah,Sørensen,noah.sorensen@example.com,1
Timofiy,Rubchuk,timofiy.rubchuk@example.com,1
Tony,James,tony.james@example.com,1
Fletcher,Wang,fletcher.wang@example.com,1
Arkadiya,Komarenko,arkadiya.komarenko@example.com,1
Branislav,Tešić,branislav.tesic@example.com,1
Giulia,Boyer,giulia.boyer@example.com,1
Aldo,Valverde,aldo.valverde@example.com,1
Quinn,Hughes,quinn.hughes@example.com,1
Carmen,Blix,carmen.blix@example.com,1
Sabri,Stemmer,sabri.stemmer@example.com,1
Peterke,Bathoorn,peterke.bathoorn@example.com,1
Mitar,Spajić,mitar.spajic@example.com,1
Ethel,Lowe,ethel.lowe@example.com,1
Ana,Blažić,ana.blazic@example.com,1
Katherine,Sanchez,katherine.sanchez@example.com,1
Peetu,Latvala,peetu.latvala@example.com,1
Ava,Wells,ava.wells@example.com,1
Milan,Kohlmann,milan.kohlmann@example.com,1
Koray,Pekkan,koray.pekkan@example.com,1
Brooke,Jones,brooke.jones@example.com,1
Morris,May,morris.may@example.com,1
Snizhana,Cis,snizhana.cis@example.com,1
Luise,Grill,luise.grill@example.com,1
Ilse,Guajardo,ilse.guajardo@example.com,1
Corey,Wright,corey.wright@example.com,1
Nicole,Reed,nicole.reed@example.com,1
Avery,Powell,avery.powell@example.com,1
Leslie,Harper,leslie.harper@example.com,1
Ceylan,Poyrazoğlu,ceylan.poyrazoglu@example.com,1
Genesis,Ruiz,genesis.ruiz@example.com,1
Frida,Prieto,frida.prieto@example.com,1
Rolinka,Rullens,rolinka.rullens@example.com,1
Rodney,Lawrence,rodney.lawrence@example.com,1
Alia,Lillevik,alia.lillevik@example.com,1
Yolanda,Vázquez,yolanda.vazquez@example.com,1
Michael,Cooper,michael.cooper@example.com,1
Iida,Autio,iida.autio@example.com,1
Nicolay,Opgård,nicolay.opgard@example.com,1
Silvia,Soler,silvia.soler@example.com,1
Alix,Lemaire,alix.lemaire@example.com,1
Giulio,David,giulio.david@example.com,1
Kristin,Cooper,kristin.cooper@example.com,1
Blanca,Ortega,blanca.ortega@example.com,1
Matilde,Martins,matilde.martins@example.com,1
Noam,Petit,noam.petit@example.com,1
Leonardo,Starreveld,leonardo.starreveld@example.com,1
Andrea,Calvo,andrea.calvo@example.com,1
Adalberto,Gallegos,adalberto.gallegos@example.com,1
Piper,Hall,piper.hall@example.com,1
Irene,Diez,irene.diez@example.com,1
Maria,Nguyen,maria.nguyen@example.com,1
Vojin,Borjan,vojin.borjan@example.com,1
Jeremy,Reyes,jeremy.reyes@example.com,1
Ahmet,Demirbaş,ahmet.demirbas@example.com,1
Nelli,Wiitala,nelli.wiitala@example.com,1
Enola,Roussel,enola.roussel@example.com,1
Sanja,Peković,sanja.pekovic@example.com,1
Maritis,Nunes,maritis.nunes@example.com,1
Lynda,Mulderij,lynda.mulderij@example.com,1
Milan,Moulin,milan.moulin@example.com,1
Célia,Chevalier,celia.chevalier@example.com,1
Emmelien,Van den Hul,emmelien.vandenhul@example.com,1
Cristobal,Barrios,cristobal.barrios@example.com,1
Isaiah,Ryan,isaiah.ryan@example.com,1
Ana,Marie,ana.marie@example.com,1
Johanne,Møller,johanne.moller@example.com,1
Nicoline,Sørensen,nicoline.sorensen@example.com,1
Borka,Majstorović,borka.majstorovic@example.com,1
Ellie,Øvereng,ellie.overeng@example.com,1
Victoria,Mateo,victoria.mateo@example.com,1
Aada,Rintala,aada.rintala@example.com,1
Nathan,Payne,nathan.payne@example.com,1
Oskari,Jarvela,oskari.jarvela@example.com,1
Sudislav,Berezhniy,sudislav.berezhniy@example.com,1
Calvin,Torres,calvin.torres@example.com,1
Ece,Akbulut,ece.akbulut@example.com,1
Kalpit,Kaur,kalpit.kaur@example.com,1
Nurdan,Poçan,nurdan.pocan@example.com,1
Salemo,das Neves,salemo.dasneves@example.com,1
Mirko,Lončarević,mirko.loncarevic@example.com,1
Deniz,Atan,deniz.atan@example.com,1
Etienne,Jean-Baptiste,etienne.jean-baptiste@example.com,1
Meghashree,Hiremath,meghashree.hiremath@example.com,1
Shrinidhi,Chiplunkar,shrinidhi.chiplunkar@example.com,1
Silje,Sørensen,silje.sorensen@example.com,1
بهار,رضایی,bhr.rdyy@example.com,1
Ángeles,Lorenzo,angeles.lorenzo@example.com,1
Sander,Sørensen,sander.sorensen@example.com,1
Julius,Wuori,julius.wuori@example.com,1
Lucas,Diaz,lucas.diaz@example.com,1
Marian,Carpenter,marian.carpenter@example.com,1
Karin,Bjørnå,karin.bjorna@example.com,1
Madjer,Nascimento,madjer.nascimento@example.com,1
Mia,Anderson,mia.anderson@example.com,1
Nelli,Rajala,nelli.rajala@example.com,1
Josefine,Petersen,josefine.petersen@example.com,1
Annabelle,Ambrose,annabelle.ambrose@example.com,1
Liam,Roy,liam.roy@example.com,1
Jean,West,jean.west@example.com,1
Silas,Andersen,silas.andersen@example.com,1
Nandini,Ten Berge,nandini.tenberge@example.com,1
Elias,Pedersen,elias.pedersen@example.com,1
Kathryn,Welch,kathryn.welch@example.com,1
Gidion,Groenendal,gidion.groenendal@example.com,1
Lily,Davies,lily.davies@example.com,1
Mauro,Pedroza,mauro.pedroza@example.com,1
Branka,Abramović,branka.abramovic@example.com,1
Lisuarte,Moraes,lisuarte.moraes@example.com,1
Rebecca,Barrett,rebecca.barrett@example.com,1
Isla,Lampinen,isla.lampinen@example.com,1
Matthijs,Majoor,matthijs.majoor@example.com,1
Stephanie,Craig,stephanie.craig@example.com,1
درسا,موسوی,drs.mwswy@example.com,1
,,,0
,,,0
,,,0
,,,0
,,,0
,,,0
,,,0
,,,0
,,,0
,,,0
Terry,Medhurst,atuny0@sohu.com,2
Sheldon,Quigley,hbingley1@plala.or.jp,2
Terrill,Hills,rshawe2@51.la,2
Miles,Cummerata,yraigatt3@nature.com,2
Mavis,Schultz,kmeus4@upenn.edu,2
Alison,Reichert,jtreleven5@nhs.uk,2
Oleta,Abbott,dpettegre6@columbia.edu,2
Ewell,Mueller,ggude7@chron.com,2
Demetrius,Corkery,nloiterton8@aol.com,2
Eleanora,Price,umcgourty9@jalbum.net,2
Marcel,Jones,acharlota@liveinternet.ru,2
Assunta,Rath,rhallawellb@dropbox.com,2
Trace,Douglas,lgribbinc@posterous.com,2
Enoch,Lynch,mturleyd@tumblr.com,2
Jeanne,Halvorson,kminchelle@qq.com,2
Trycia,Fadel,dpierrof@vimeo.com,2
Bradford,Prohaska,vcholdcroftg@ucoz.com,2
Arely,Skiles,sberminghamh@chron.com,2
Gust,Purdy,bleveragei@so-net.ne.jp,2
Lenna,Renner,aeatockj@psu.edu,2
Doyle,Ernser,ckensleyk@pen.io,2
Tressa,Weber,froachel@howstuffworks.com,2
Felicity,O'Reilly,beykelhofm@wikispaces.com,2
Jocelyn,Schuster,brickeardn@fema.gov,2
Edwina,Ernser,dfundello@amazon.co.jp,2
Griffin,Braun,lgronaverp@cornell.edu,2
Piper,Schowalter,fokillq@amazon.co.jp,2
Kody,Terry,xisherwoodr@ask.com,2
Macy,Greenfelder,jissetts@hostgator.com,2
Maurine,Stracke,kdulyt@umich.edu,2
George,Bluth,george.bluth@reqres.in,4
Janet,Weaver,janet.weaver@reqres.in,4
Emma,Wong,emma.wong@reqres.in,4
Eve,Holt,eve.holt@reqres.in,4
Charles,Morris,charles.morris@reqres.in,4
Tracey,Ramos,tracey.ramos@reqres.in,4
